{
  "sequential": {
    "pixel_mse": 0.05537875248119235,
    "pixel_mse_std": 0.01911634982390341,
    "latent_mse": 0.19689063519239425,
    "latent_mse_std": 0.05391463093978976
  },
  "shuffled": {
    "pixel_mse": 0.05298257239628583,
    "pixel_mse_std": 0.019603982680641275,
    "latent_mse": 0.2093985637649894,
    "latent_mse_std": 0.05951653236498077
  },
  "iid": {
    "pixel_mse": 0.24748110447078944,
    "pixel_mse_std": 0.0726810522469934,
    "latent_mse": 0.3750645186007023,
    "latent_mse_std": 0.13088195980102368
  },
  "seq_wins_vs_shuffled": 130,
  "seq_wins_vs_iid": 191,
  "shuf_wins_vs_iid": 191,
  "n_seqs": 200
}