{
  "exp1": {
    "sequential": {
      "pixel_mse": 0.05537874722853303,
      "pixel_mse_std": 0.019116339398518947,
      "latent_mse": 0.1968907465785742,
      "latent_mse_std": 0.053914649635735515
    },
    "shuffled": {
      "pixel_mse": 0.052982584019191564,
      "pixel_mse_std": 0.01960397512841406,
      "latent_mse": 0.20939841728657485,
      "latent_mse_std": 0.05951638962615832
    },
    "seq_wins_pixel": 92,
    "seq_wins_latent": 130,
    "n_seqs": 200
  },
  "exp2": {
    "sequential": {
      "epoch_5": {
        "shape": {
          "acc": 0.71,
          "r2": 0.4669117331504822
        },
        "object_hue": {
          "acc": 0.315,
          "r2": 0.181843101978302
        },
        "floor_hue": {
          "acc": 0.97,
          "r2": 0.7166208028793335
        },
        "wall_hue": {
          "acc": 0.94,
          "r2": 0.6238092184066772
        },
        "scale": {
          "acc": 0.27,
          "r2": 0.7001689076423645
        }
      },
      "epoch_10": {
        "shape": {
          "acc": 0.67,
          "r2": 0.45530927181243896
        },
        "object_hue": {
          "acc": 0.455,
          "r2": 0.20788580179214478
        },
        "floor_hue": {
          "acc": 0.99,
          "r2": 0.7690492868423462
        },
        "wall_hue": {
          "acc": 0.955,
          "r2": 0.6092076897621155
        },
        "scale": {
          "acc": 0.295,
          "r2": 0.5745968818664551
        }
      },
      "epoch_20": {
        "shape": {
          "acc": 0.5,
          "r2": 0.35721129179000854
        },
        "object_hue": {
          "acc": 0.765,
          "r2": 0.38724738359451294
        },
        "floor_hue": {
          "acc": 1.0,
          "r2": 0.6855007410049438
        },
        "wall_hue": {
          "acc": 0.98,
          "r2": 0.6698489189147949
        },
        "scale": {
          "acc": 0.26,
          "r2": 0.6253311634063721
        }
      },
      "epoch_30": {
        "shape": {
          "acc": 0.495,
          "r2": 0.33823007345199585
        },
        "object_hue": {
          "acc": 0.83,
          "r2": 0.40062415599823
        },
        "floor_hue": {
          "acc": 0.995,
          "r2": 0.6969862580299377
        },
        "wall_hue": {
          "acc": 0.975,
          "r2": 0.6546835899353027
        },
        "scale": {
          "acc": 0.39,
          "r2": 0.7981862425804138
        }
      },
      "final": {
        "shape": {
          "acc": 0.495,
          "r2": 0.33823007345199585
        },
        "object_hue": {
          "acc": 0.83,
          "r2": 0.40062415599823
        },
        "floor_hue": {
          "acc": 0.995,
          "r2": 0.6969862580299377
        },
        "wall_hue": {
          "acc": 0.975,
          "r2": 0.6546835899353027
        },
        "scale": {
          "acc": 0.39,
          "r2": 0.7981862425804138
        }
      }
    },
    "shuffled": {
      "epoch_5": {
        "shape": {
          "acc": 0.765,
          "r2": 0.5739123821258545
        },
        "object_hue": {
          "acc": 0.305,
          "r2": 0.21661680936813354
        },
        "floor_hue": {
          "acc": 0.995,
          "r2": 0.8274913430213928
        },
        "wall_hue": {
          "acc": 0.93,
          "r2": 0.6277189254760742
        },
        "scale": {
          "acc": 0.26,
          "r2": 0.6351327896118164
        }
      },
      "epoch_10": {
        "shape": {
          "acc": 0.715,
          "r2": 0.6033318042755127
        },
        "object_hue": {
          "acc": 0.56,
          "r2": 0.24670052528381348
        },
        "floor_hue": {
          "acc": 0.98,
          "r2": 0.7921528816223145
        },
        "wall_hue": {
          "acc": 0.925,
          "r2": 0.6311658620834351
        },
        "scale": {
          "acc": 0.255,
          "r2": 0.5738497972488403
        }
      },
      "epoch_20": {
        "shape": {
          "acc": 0.6,
          "r2": 0.48719924688339233
        },
        "object_hue": {
          "acc": 0.77,
          "r2": 0.34375596046447754
        },
        "floor_hue": {
          "acc": 0.985,
          "r2": 0.7346210479736328
        },
        "wall_hue": {
          "acc": 0.97,
          "r2": 0.6067032814025879
        },
        "scale": {
          "acc": 0.245,
          "r2": 0.4799443483352661
        }
      },
      "epoch_30": {
        "shape": {
          "acc": 0.575,
          "r2": 0.47459888458251953
        },
        "object_hue": {
          "acc": 0.715,
          "r2": 0.3265311121940613
        },
        "floor_hue": {
          "acc": 0.98,
          "r2": 0.7216759324073792
        },
        "wall_hue": {
          "acc": 0.98,
          "r2": 0.6062533855438232
        },
        "scale": {
          "acc": 0.36,
          "r2": 0.7450064420700073
        }
      },
      "final": {
        "shape": {
          "acc": 0.575,
          "r2": 0.47459888458251953
        },
        "object_hue": {
          "acc": 0.715,
          "r2": 0.3265311121940613
        },
        "floor_hue": {
          "acc": 0.98,
          "r2": 0.7216759324073792
        },
        "wall_hue": {
          "acc": 0.98,
          "r2": 0.6062533855438232
        },
        "scale": {
          "acc": 0.36,
          "r2": 0.7450064420700073
        }
      }
    }
  },
  "exp3": {
    "sequential": {
      "smoothness_mean": 0.8881428571428573,
      "smoothness_std": 0.0403583438506506,
      "validity_mean": 1.0,
      "validity_std": 0.0
    },
    "shuffled": {
      "smoothness_mean": 0.9422857142857143,
      "smoothness_std": 0.0721087613913022,
      "validity_mean": 1.0,
      "validity_std": 0.0
    }
  },
  "exp4": {
    "canonical_mad": 0.0,
    "atypical_mad": 0.4,
    "atypical_mad_std": 0.0,
    "sequential": {
      "recon_mad": 4.888333333333333,
      "recon_mad_std": 0.5780787143633642,
      "schema_pull": 4.488333333333332,
      "wins_vs_atyp": 0
    },
    "shuffled": {
      "recon_mad": 6.446000000000001,
      "recon_mad_std": 0.4780697299209255,
      "schema_pull": 6.046,
      "wins_vs_atyp": 0
    },
    "seq_vs_shuffled": -1.5576666666666679,
    "seq_wins_vs_shuf": 198,
    "n_seqs": 200
  }
}