{
  "sequential": {
    "pixel_mse": 0.06205370483919978,
    "pixel_mse_std": 0.024151047111965227,
    "latent_mse": 0.20986277759075164,
    "latent_mse_std": 0.054816191751789325
  },
  "shuffled": {
    "pixel_mse": 0.05507113441824913,
    "pixel_mse_std": 0.022253075282568723,
    "latent_mse": 0.20178139947354792,
    "latent_mse_std": 0.05148683659155331
  },
  "iid": {
    "pixel_mse": 0.22801185939460994,
    "pixel_mse_std": 0.06661631963108527,
    "latent_mse": 0.3532056981697679,
    "latent_mse_std": 0.1272676314600829
  },
  "seq_wins_vs_shuffled": 79,
  "seq_wins_vs_iid": 186,
  "shuf_wins_vs_iid": 185,
  "n_seqs": 200
}