{
  "exp1": {
    "sequential": {
      "pixel_mse": 0.062053720913827416,
      "pixel_mse_std": 0.024151045973010446,
      "latent_mse": 0.20986274525523185,
      "latent_mse_std": 0.05481618966617216
    },
    "shuffled": {
      "pixel_mse": 0.05507114538922906,
      "pixel_mse_std": 0.0222530728752032,
      "latent_mse": 0.20178131125867366,
      "latent_mse_std": 0.051486747255481816
    },
    "seq_wins_pixel": 58,
    "seq_wins_latent": 78,
    "n_seqs": 200
  },
  "exp2": {
    "sequential": {
      "epoch_5": {
        "shape": {
          "acc": 0.82,
          "r2": 0.6378805041313171
        },
        "object_hue": {
          "acc": 0.265,
          "r2": 0.25957220792770386
        },
        "floor_hue": {
          "acc": 0.945,
          "r2": 0.6621224880218506
        },
        "wall_hue": {
          "acc": 0.87,
          "r2": 0.6330233812332153
        },
        "scale": {
          "acc": 0.245,
          "r2": 0.5449655055999756
        }
      },
      "epoch_10": {
        "shape": {
          "acc": 0.72,
          "r2": 0.5375180840492249
        },
        "object_hue": {
          "acc": 0.445,
          "r2": 0.25339263677597046
        },
        "floor_hue": {
          "acc": 0.97,
          "r2": 0.7194271087646484
        },
        "wall_hue": {
          "acc": 0.93,
          "r2": 0.6508288383483887
        },
        "scale": {
          "acc": 0.23,
          "r2": 0.515484094619751
        }
      },
      "epoch_20": {
        "shape": {
          "acc": 0.635,
          "r2": 0.4694344997406006
        },
        "object_hue": {
          "acc": 0.725,
          "r2": 0.36209380626678467
        },
        "floor_hue": {
          "acc": 0.995,
          "r2": 0.6655582785606384
        },
        "wall_hue": {
          "acc": 0.93,
          "r2": 0.6631526947021484
        },
        "scale": {
          "acc": 0.265,
          "r2": 0.6454605460166931
        }
      },
      "epoch_30": {
        "shape": {
          "acc": 0.645,
          "r2": 0.4673319458961487
        },
        "object_hue": {
          "acc": 0.745,
          "r2": 0.41182953119277954
        },
        "floor_hue": {
          "acc": 0.98,
          "r2": 0.7166845202445984
        },
        "wall_hue": {
          "acc": 0.94,
          "r2": 0.6354551315307617
        },
        "scale": {
          "acc": 0.375,
          "r2": 0.8091863989830017
        }
      },
      "final": {
        "shape": {
          "acc": 0.645,
          "r2": 0.4673319458961487
        },
        "object_hue": {
          "acc": 0.745,
          "r2": 0.41182953119277954
        },
        "floor_hue": {
          "acc": 0.98,
          "r2": 0.7166845202445984
        },
        "wall_hue": {
          "acc": 0.94,
          "r2": 0.6354551315307617
        },
        "scale": {
          "acc": 0.375,
          "r2": 0.8091863989830017
        }
      }
    },
    "shuffled": {
      "epoch_5": {
        "shape": {
          "acc": 0.885,
          "r2": 0.6897211074829102
        },
        "object_hue": {
          "acc": 0.39,
          "r2": 0.24370265007019043
        },
        "floor_hue": {
          "acc": 0.885,
          "r2": 0.6761155128479004
        },
        "wall_hue": {
          "acc": 0.89,
          "r2": 0.6339813470840454
        },
        "scale": {
          "acc": 0.3,
          "r2": 0.5640266537666321
        }
      },
      "epoch_10": {
        "shape": {
          "acc": 0.735,
          "r2": 0.627224326133728
        },
        "object_hue": {
          "acc": 0.57,
          "r2": 0.28487151861190796
        },
        "floor_hue": {
          "acc": 0.995,
          "r2": 0.7144452333450317
        },
        "wall_hue": {
          "acc": 0.97,
          "r2": 0.6516355276107788
        },
        "scale": {
          "acc": 0.31,
          "r2": 0.48330336809158325
        }
      },
      "epoch_20": {
        "shape": {
          "acc": 0.71,
          "r2": 0.6051865816116333
        },
        "object_hue": {
          "acc": 0.795,
          "r2": 0.44331347942352295
        },
        "floor_hue": {
          "acc": 1.0,
          "r2": 0.6957204341888428
        },
        "wall_hue": {
          "acc": 0.995,
          "r2": 0.6471499800682068
        },
        "scale": {
          "acc": 0.28,
          "r2": 0.5447424054145813
        }
      },
      "epoch_30": {
        "shape": {
          "acc": 0.705,
          "r2": 0.650374174118042
        },
        "object_hue": {
          "acc": 0.78,
          "r2": 0.4486997723579407
        },
        "floor_hue": {
          "acc": 0.995,
          "r2": 0.7131644487380981
        },
        "wall_hue": {
          "acc": 0.995,
          "r2": 0.6429920792579651
        },
        "scale": {
          "acc": 0.355,
          "r2": 0.7412525415420532
        }
      },
      "final": {
        "shape": {
          "acc": 0.705,
          "r2": 0.650374174118042
        },
        "object_hue": {
          "acc": 0.78,
          "r2": 0.4486997723579407
        },
        "floor_hue": {
          "acc": 0.995,
          "r2": 0.7131644487380981
        },
        "wall_hue": {
          "acc": 0.995,
          "r2": 0.6429920792579651
        },
        "scale": {
          "acc": 0.355,
          "r2": 0.7412525415420532
        }
      }
    }
  },
  "exp3": {
    "sequential": {
      "smoothness_mean": 0.8880000000000001,
      "smoothness_std": 0.0431286637012215,
      "validity_mean": 1.0,
      "validity_std": 0.0
    },
    "shuffled": {
      "smoothness_mean": 0.9382857142857144,
      "smoothness_std": 0.08549686711052217,
      "validity_mean": 1.0,
      "validity_std": 0.0
    }
  },
  "exp4": {
    "canonical_mad": 0.0,
    "atypical_mad": 0.4,
    "atypical_mad_std": 0.0,
    "sequential": {
      "recon_mad": 4.919,
      "recon_mad_std": 0.5666618627247353,
      "schema_pull": 4.518999999999999,
      "wins_vs_atyp": 0
    },
    "shuffled": {
      "recon_mad": 6.482,
      "recon_mad_std": 0.31606680025308287,
      "schema_pull": 6.082,
      "wins_vs_atyp": 0
    },
    "seq_vs_shuffled": -1.5630000000000006,
    "seq_wins_vs_shuf": 200,
    "n_seqs": 200
  }
}