{
  "exp1": {
    "sequential": {
      "pixel_mse": {
        "mean": 0.053658390194177626,
        "std": 0.0076543744563589726
      },
      "pixel_mse_std": {
        "mean": 0.020982352387651202,
        "std": 0.002252376541144444
      },
      "latent_mse": {
        "mean": 0.19659844952945907,
        "std": 0.010951532409208278
      },
      "latent_mse_std": {
        "mean": 0.05419261359596303,
        "std": 0.0004417989018730755
      }
    },
    "shuffled": {
      "pixel_mse": {
        "mean": 0.052380535551346835,
        "std": 0.002479478599465044
      },
      "pixel_mse_std": {
        "mean": 0.020590152119386196,
        "std": 0.0011826287979055045
      },
      "latent_mse": {
        "mean": 0.206288059707731,
        "std": 0.003262668300321472
      },
      "latent_mse_std": {
        "mean": 0.058577103794818154,
        "std": 0.005446438731949358
      }
    },
    "seq_wins_pixel": {
      "mean": 94.66666666666667,
      "std": 31.084115271666043
    },
    "seq_wins_latent": {
      "mean": 116.33333333333333,
      "std": 27.475241379993168
    },
    "n_seqs": {
      "mean": 200.0,
      "std": 0.0
    }
  },
  "exp2": {
    "sequential": {
      "epoch_5": {
        "mean_acc": 0.6513333333333333,
        "std_acc": 0.023612614331233104
      },
      "epoch_10": {
        "mean_acc": 0.6749999999999999,
        "std_acc": 0.013952299690970865
      },
      "epoch_20": {
        "mean_acc": 0.7096666666666667,
        "std_acc": 0.006944222218666561
      },
      "epoch_30": {
        "mean_acc": 0.735,
        "std_acc": 0.0028284271247461927
      },
      "final": {
        "mean_acc": 0.735,
        "std_acc": 0.0028284271247461927
      }
    },
    "shuffled": {
      "epoch_5": {
        "mean_acc": 0.6590000000000001,
        "std_acc": 0.008041558721209886
      },
      "epoch_10": {
        "mean_acc": 0.6866666666666666,
        "std_acc": 0.024087802353519577
      },
      "epoch_20": {
        "mean_acc": 0.727,
        "std_acc": 0.02054263858417413
      },
      "epoch_30": {
        "mean_acc": 0.7323333333333334,
        "std_acc": 0.024390344173235608
      },
      "final": {
        "mean_acc": 0.7323333333333334,
        "std_acc": 0.024390344173235608
      }
    }
  },
  "exp3": {
    "sequential": {
      "smoothness_mean": {
        "mean": 0.8895714285714287,
        "std": 0.0021221219004911376
      },
      "smoothness_std": {
        "mean": 0.04185004274835052,
        "std": 0.001140970252766238
      },
      "validity_mean": {
        "mean": 1.0,
        "std": 0.0
      },
      "validity_std": {
        "mean": 0.0,
        "std": 0.0
      }
    },
    "shuffled": {
      "smoothness_mean": {
        "mean": 0.9500476190476191,
        "std": 0.013901663059780507
      },
      "smoothness_std": {
        "mean": 0.07066368774220383,
        "std": 0.012742225987153355
      },
      "validity_mean": {
        "mean": 1.0,
        "std": 0.0
      },
      "validity_std": {
        "mean": 0.0,
        "std": 0.0
      }
    }
  },
  "exp4": {
    "canonical_mad": {
      "mean": 0.0,
      "std": 0.0
    },
    "atypical_mad": {
      "mean": 0.4000000000000001,
      "std": 5.551115123125783e-17
    },
    "sequential": {
      "recon_mad": {
        "mean": 4.903999999999999,
        "std": 0.01252848606029334
      },
      "recon_mad_std": {
        "mean": 0.5893848252083099,
        "std": 0.024509447145035942
      },
      "schema_pull": {
        "mean": 4.503999999999999,
        "std": 0.01252848606029334
      },
      "wins_vs_atyp": {
        "mean": 0.0,
        "std": 0.0
      }
    },
    "shuffled": {
      "recon_mad": {
        "mean": 6.466333333333334,
        "std": 0.015062831370259714
      },
      "recon_mad_std": {
        "mean": 0.40724789890955,
        "std": 0.06768609970308696
      },
      "schema_pull": {
        "mean": 6.066333333333333,
        "std": 0.015062831370259716
      },
      "wins_vs_atyp": {
        "mean": 0.0,
        "std": 0.0
      }
    },
    "seq_vs_shuffled": {
      "mean": -1.562333333333334,
      "std": 0.0035694174231571648
    },
    "seq_wins_vs_shuf": {
      "mean": 199.33333333333334,
      "std": 0.9428090415820634
    }
  }
}