{
  "recall": {
    "sequential": {
      "pixel_mse": {
        "mean": 0.0536583861336112,
        "std": 0.00765436957197688
      },
      "pixel_mse_std": {
        "mean": 0.02098235689459559,
        "std": 0.002252373819045492
      },
      "latent_mse": {
        "mean": 0.19659837763756513,
        "std": 0.010951600847761719
      },
      "latent_mse_std": {
        "mean": 0.054192590498610416,
        "std": 0.00044181754159567185
      }
    },
    "shuffled": {
      "pixel_mse": {
        "mean": 0.05238052940151344,
        "std": 0.002479471855814323
      },
      "pixel_mse_std": {
        "mean": 0.020590157592776794,
        "std": 0.0011826265946976585
      },
      "latent_mse": {
        "mean": 0.20628811874737343,
        "std": 0.003262666017192878
      },
      "latent_mse_std": {
        "mean": 0.05857714819031965,
        "std": 0.005446370943781871
      }
    },
    "iid": {
      "pixel_mse": {
        "mean": 0.23980520403012637,
        "std": 0.008464745949421964
      },
      "pixel_mse_std": {
        "mean": 0.07299814100403478,
        "std": 0.005344891213291796
      },
      "latent_mse": {
        "mean": 0.36309625116487343,
        "std": 0.009043954910356837
      },
      "latent_mse_std": {
        "mean": 0.134543134525104,
        "std": 0.007872908532260046
      }
    },
    "seq_wins_vs_shuffled": {
      "mean": 116.66666666666667,
      "std": 27.010286106510527
    },
    "seq_wins_vs_iid": {
      "mean": 190.66666666666666,
      "std": 3.6817870057290873
    },
    "shuf_wins_vs_iid": {
      "mean": 188.33333333333334,
      "std": 2.494438257849294
    },
    "n_seqs": {
      "mean": 200.0,
      "std": 0.0
    }
  }
}