{
  "sequential": {
    "pixel_mse": 0.043542701080441476,
    "pixel_mse_std": 0.01967967374791814,
    "latent_mse": 0.1830417201295495,
    "latent_mse_std": 0.05384694880425216
  },
  "shuffled": {
    "pixel_mse": 0.04908788139000535,
    "pixel_mse_std": 0.01991341481512038,
    "latent_mse": 0.20768439300358296,
    "latent_mse_std": 0.0647280756144249
  },
  "iid": {
    "pixel_mse": 0.24392264822497964,
    "pixel_mse_std": 0.07969705113402566,
    "latent_mse": 0.3610185367241502,
    "latent_mse_std": 0.14547981231420537
  },
  "seq_wins_vs_shuffled": 141,
  "seq_wins_vs_iid": 195,
  "shuf_wins_vs_iid": 189,
  "n_seqs": 200
}