{
  "exp1": {
    "sequential": {
      "pixel_mse": 0.043542702440172436,
      "pixel_mse_std": 0.01967967179142421,
      "latent_mse": 0.18304185675457119,
      "latent_mse_std": 0.05384700148598142
    },
    "shuffled": {
      "pixel_mse": 0.049087877245619894,
      "pixel_mse_std": 0.01991340835454133,
      "latent_mse": 0.20768445057794452,
      "latent_mse_std": 0.06472817450281432
    },
    "seq_wins_pixel": 134,
    "seq_wins_latent": 141,
    "n_seqs": 200
  },
  "exp2": {
    "sequential": {
      "epoch_5": {
        "shape": {
          "acc": 0.79,
          "r2": 0.6892102956771851
        },
        "object_hue": {
          "acc": 0.345,
          "r2": 0.28558629751205444
        },
        "floor_hue": {
          "acc": 0.99,
          "r2": 0.7992499470710754
        },
        "wall_hue": {
          "acc": 0.93,
          "r2": 0.7121401429176331
        },
        "scale": {
          "acc": 0.365,
          "r2": 0.7163537740707397
        }
      },
      "epoch_10": {
        "shape": {
          "acc": 0.665,
          "r2": 0.6047720909118652
        },
        "object_hue": {
          "acc": 0.57,
          "r2": 0.3124586343765259
        },
        "floor_hue": {
          "acc": 0.99,
          "r2": 0.763515293598175
        },
        "wall_hue": {
          "acc": 0.955,
          "r2": 0.6651550531387329
        },
        "scale": {
          "acc": 0.285,
          "r2": 0.5349864959716797
        }
      },
      "epoch_20": {
        "shape": {
          "acc": 0.655,
          "r2": 0.5756452083587646
        },
        "object_hue": {
          "acc": 0.725,
          "r2": 0.33919644355773926
        },
        "floor_hue": {
          "acc": 0.99,
          "r2": 0.7327314019203186
        },
        "wall_hue": {
          "acc": 0.96,
          "r2": 0.6549742221832275
        },
        "scale": {
          "acc": 0.26,
          "r2": 0.5310254096984863
        }
      },
      "epoch_30": {
        "shape": {
          "acc": 0.62,
          "r2": 0.6200031638145447
        },
        "object_hue": {
          "acc": 0.795,
          "r2": 0.3513045907020569
        },
        "floor_hue": {
          "acc": 0.98,
          "r2": 0.7510848045349121
        },
        "wall_hue": {
          "acc": 0.94,
          "r2": 0.6415993571281433
        },
        "scale": {
          "acc": 0.32,
          "r2": 0.7204026579856873
        }
      },
      "final": {
        "shape": {
          "acc": 0.62,
          "r2": 0.6200031638145447
        },
        "object_hue": {
          "acc": 0.795,
          "r2": 0.3513045907020569
        },
        "floor_hue": {
          "acc": 0.98,
          "r2": 0.7510848045349121
        },
        "wall_hue": {
          "acc": 0.94,
          "r2": 0.6415993571281433
        },
        "scale": {
          "acc": 0.32,
          "r2": 0.7204026579856873
        }
      }
    },
    "shuffled": {
      "epoch_5": {
        "shape": {
          "acc": 0.795,
          "r2": 0.7375082969665527
        },
        "object_hue": {
          "acc": 0.235,
          "r2": 0.14127087593078613
        },
        "floor_hue": {
          "acc": 0.97,
          "r2": 0.7477974891662598
        },
        "wall_hue": {
          "acc": 0.975,
          "r2": 0.7259520888328552
        },
        "scale": {
          "acc": 0.305,
          "r2": 0.7624335289001465
        }
      },
      "epoch_10": {
        "shape": {
          "acc": 0.67,
          "r2": 0.6100093126296997
        },
        "object_hue": {
          "acc": 0.4,
          "r2": 0.15373194217681885
        },
        "floor_hue": {
          "acc": 0.995,
          "r2": 0.7585301995277405
        },
        "wall_hue": {
          "acc": 0.945,
          "r2": 0.7751095294952393
        },
        "scale": {
          "acc": 0.275,
          "r2": 0.6206796169281006
        }
      },
      "epoch_20": {
        "shape": {
          "acc": 0.62,
          "r2": 0.4249879717826843
        },
        "object_hue": {
          "acc": 0.705,
          "r2": 0.3266597390174866
        },
        "floor_hue": {
          "acc": 0.995,
          "r2": 0.7153002619743347
        },
        "wall_hue": {
          "acc": 0.965,
          "r2": 0.712698221206665
        },
        "scale": {
          "acc": 0.27,
          "r2": 0.5667405128479004
        }
      },
      "epoch_30": {
        "shape": {
          "acc": 0.52,
          "r2": 0.35236817598342896
        },
        "object_hue": {
          "acc": 0.76,
          "r2": 0.3416352868080139
        },
        "floor_hue": {
          "acc": 0.985,
          "r2": 0.7219447493553162
        },
        "wall_hue": {
          "acc": 0.975,
          "r2": 0.7207339406013489
        },
        "scale": {
          "acc": 0.305,
          "r2": 0.6349296569824219
        }
      },
      "final": {
        "shape": {
          "acc": 0.52,
          "r2": 0.35236817598342896
        },
        "object_hue": {
          "acc": 0.76,
          "r2": 0.3416352868080139
        },
        "floor_hue": {
          "acc": 0.985,
          "r2": 0.7219447493553162
        },
        "wall_hue": {
          "acc": 0.975,
          "r2": 0.7207339406013489
        },
        "scale": {
          "acc": 0.305,
          "r2": 0.6349296569824219
        }
      }
    }
  },
  "exp3": {
    "sequential": {
      "smoothness_mean": 0.8925714285714287,
      "smoothness_std": 0.04206312069317943,
      "validity_mean": 1.0,
      "validity_std": 0.0
    },
    "shuffled": {
      "smoothness_mean": 0.9695714285714288,
      "smoothness_std": 0.054385434724787136,
      "validity_mean": 1.0,
      "validity_std": 0.0
    }
  },
  "exp4": {
    "canonical_mad": 0.0,
    "atypical_mad": 0.4,
    "atypical_mad_std": 0.0,
    "sequential": {
      "recon_mad": 4.904666666666666,
      "recon_mad_std": 0.6234138985368299,
      "schema_pull": 4.504666666666665,
      "wins_vs_atyp": 0
    },
    "shuffled": {
      "recon_mad": 6.470999999999999,
      "recon_mad_std": 0.4276071665546415,
      "schema_pull": 6.070999999999999,
      "wins_vs_atyp": 0
    },
    "seq_vs_shuffled": -1.5663333333333336,
    "seq_wins_vs_shuf": 200,
    "n_seqs": 200
  }
}